Cust_ID,year_in_current_job,home_ownership
14558,2 years,Home Mortgage
14258,n/a,Home Mortgage
13696,n/a,Home Mortgage
13740,n/a,Own Home
14412,10+ years,Home Mortgage
13622,10+ years,Rent
13886,9 years,Rent
14328,2 years,Home Mortgage
13503,10+ years,Rent
13764,10+ years,Own Home
14128,n/a,Rent
13997,n/a,Rent
13598,10+ years,Home Mortgage
13582,6 years,Rent
14260,5 years,Rent
14004,2 years,Home Mortgage
14320,10+ years,Own Home
13664,10+ years,Home Mortgage
14368,8 years,Own Home
13515,n/a,Own Home
14126,2 years,Rent
13975,< 1 year,Rent
13580,2 years,Home Mortgage
14399,8 years,Rent
14062,5 years,Home Mortgage
14221,2 years,Home Mortgage
14101,1 year,Rent
13548,10+ years,Home Mortgage
13800,1 year,Rent
13836,10+ years,Home Mortgage
14099,4 years,Home Mortgage
14190,1 year,Home Mortgage
14176,10+ years,Home Mortgage
13933,2 years,Home Mortgage
14524,4 years,Home Mortgage
13830,2 years,Home Mortgage
14410,n/a,Home Mortgage
14415,2 years,Home Mortgage
13579,10+ years,Rent
13964,n/a,Home Mortgage
14447,2 years,Rent
14543,6 years,Home Mortgage
14012,10+ years,Home Mortgage
13860,2 years,Rent
14359,10+ years,Rent
14417,6 years,Home Mortgage
14383,10+ years,Home Mortgage
13729,< 1 year,Home Mortgage
14169,10+ years,Home Mortgage
13903,n/a,Home Mortgage
13913,8 years,Rent
14079,10+ years,Rent
13567,10+ years,Home Mortgage
14534,n/a,Home Mortgage
14479,3 years,Rent
14024,10+ years,Home Mortgage
14147,2 years,Rent
13646,< 1 year,Rent
14326,3 years,Rent
14110,10+ years,Home Mortgage
14106,4 years,Rent
13620,10+ years,Home Mortgage
14019,10+ years,Home Mortgage
13967,n/a,Rent
13635,< 1 year,Rent
13799,n/a,Rent
13568,1 year,Own Home
14436,< 1 year,Home Mortgage
14406,< 1 year,Rent
14309,10+ years,Home Mortgage
13644,10+ years,Home Mortgage
14165,2 years,Rent
14037,6 years,Rent
13574,10+ years,Home Mortgage
13992,7 years,Home Mortgage
14548,1 year,Rent
14023,5 years,Home Mortgage
13673,2 years,Rent
13831,10+ years,Rent
13773,3 years,Rent
13570,7 years,Home Mortgage
13856,7 years,Rent
13603,10+ years,Home Mortgage
14005,10+ years,Rent
14283,2 years,Home Mortgage
14324,4 years,Home Mortgage
14360,2 years,Home Mortgage
14443,< 1 year,Rent
13747,< 1 year,Rent
13513,5 years,Rent
13660,4 years,Home Mortgage
14040,7 years,Rent
13611,1 year,Rent
13641,10+ years,Rent
13759,10+ years,Home Mortgage
14148,n/a,Home Mortgage
14488,10+ years,Home Mortgage
13711,1 year,Home Mortgage
14093,9 years,Home Mortgage
14472,10+ years,Home Mortgage
14217,10+ years,Rent
14265,10+ years,Home Mortgage
13510,10+ years,Rent
13519,10+ years,Home Mortgage
14036,8 years,Home Mortgage
14180,4 years,Rent
13819,10+ years,Own Home
14129,8 years,Rent
14381,4 years,Rent
13687,10+ years,Home Mortgage
13843,1 year,Home Mortgage
14095,10+ years,Home Mortgage
14331,< 1 year,Rent
14239,n/a,Rent
14205,9 years,Rent
14552,< 1 year,Rent
14473,1 year,Home Mortgage
13589,5 years,Home Mortgage
13502,8 years,Rent
13699,< 1 year,Rent
14064,9 years,Home Mortgage
14405,< 1 year,Rent
14310,n/a,Home Mortgage
14507,2 years,Rent
13855,10+ years,Rent
14377,5 years,Rent
14020,8 years,Rent
14088,4 years,Home Mortgage
13801,4 years,Rent
14458,4 years,Home Mortgage
14030,5 years,Own Home
14044,4 years,Rent
13861,10+ years,Rent
13634,4 years,Home Mortgage
14089,9 years,Rent
14053,6 years,Rent
13853,6 years,Rent
14028,10+ years,Home Mortgage
13703,3 years,Rent
13653,n/a,Home Mortgage
13822,10+ years,Rent
14090,10+ years,Home Mortgage
13976,5 years,Home Mortgage
14085,5 years,Home Mortgage
14329,n/a,Rent
14224,7 years,Own Home
13566,10+ years,Rent
14453,10+ years,Home Mortgage
13885,6 years,Rent
14198,4 years,Rent
14243,4 years,Own Home
14259,6 years,Home Mortgage
14151,< 1 year,Home Mortgage
14533,5 years,Home Mortgage
13891,9 years,Home Mortgage
14194,n/a,Home Mortgage
14179,5 years,Own Home
13655,4 years,Home Mortgage
13700,10+ years,Home Mortgage
14481,6 years,Rent
14536,2 years,Home Mortgage
14281,10+ years,Home Mortgage
14068,< 1 year,Home Mortgage
13639,8 years,Home Mortgage
13701,2 years,Own Home
13991,< 1 year,Home Mortgage
14550,4 years,Home Mortgage
14424,10+ years,Home Mortgage
13514,10+ years,Home Mortgage
14241,< 1 year,Rent
13824,3 years,Home Mortgage
13619,7 years,Home Mortgage
14556,4 years,Rent
13899,10+ years,Rent
13583,10+ years,Own Home
14011,< 1 year,Rent
13754,10+ years,Rent
14504,6 years,Home Mortgage
13746,10+ years,Home Mortgage
13929,10+ years,Rent
14287,4 years,Rent
14302,< 1 year,Rent
14474,2 years,Home Mortgage
14317,3 years,Home Mortgage
14500,9 years,Home Mortgage
13760,10+ years,Rent
14540,10+ years,Home Mortgage
13540,4 years,Home Mortgage
13667,1 year,Home Mortgage
13612,< 1 year,Rent
14305,10+ years,Home Mortgage
14045,4 years,Home Mortgage
13909,n/a,Own Home
14411,10+ years,Home Mortgage
14156,n/a,Home Mortgage
14348,3 years,Home Mortgage
14420,10+ years,Rent
13820,10+ years,Home Mortgage
14384,2 years,Rent
14087,6 years,Rent
13501,10+ years,Home Mortgage
13728,10+ years,Rent
14039,10+ years,Rent
14289,7 years,Home Mortgage
14177,9 years,Home Mortgage
13834,< 1 year,Home Mortgage
13804,4 years,Home Mortgage
13650,10+ years,Own Home
14307,2 years,Rent
13922,n/a,Rent
14280,7 years,Home Mortgage
14244,2 years,Home Mortgage
13870,9 years,Rent
14346,10+ years,Rent
14182,1 year,Rent
13840,< 1 year,Rent
14076,4 years,Home Mortgage
14025,10+ years,Rent
13623,10+ years,Home Mortgage
14050,10+ years,Home Mortgage
14236,3 years,Home Mortgage
13956,6 years,Home Mortgage
14414,10+ years,Home Mortgage
14478,7 years,Rent
13765,10+ years,Rent
13739,10+ years,Rent
13829,6 years,Home Mortgage
13516,5 years,Home Mortgage
13904,7 years,Home Mortgage
13779,5 years,Rent
13924,5 years,Rent
13531,10+ years,Home Mortgage
13512,5 years,Home Mortgage
14297,< 1 year,Rent
14171,6 years,Own Home
13810,10+ years,Rent
14092,n/a,Own Home
13927,10+ years,Own Home
13722,5 years,Rent
13550,10+ years,Home Mortgage
13697,10+ years,Rent
14270,3 years,Rent
14206,3 years,Rent
13969,2 years,Rent
13872,7 years,Home Mortgage
14403,9 years,Rent
13983,10+ years,Rent
13878,10+ years,Home Mortgage
14308,3 years,Home Mortgage
14312,< 1 year,Rent
13631,5 years,Rent
14435,8 years,Rent
14038,10+ years,Home Mortgage
13887,6 years,Home Mortgage
13993,3 years,Own Home
13559,3 years,Home Mortgage
13668,2 years,Home Mortgage
13784,10+ years,Home Mortgage
14347,9 years,Home Mortgage
13638,9 years,Home Mortgage
13546,7 years,Rent
13908,10+ years,Own Home
13986,1 year,Home Mortgage
13718,< 1 year,Home Mortgage
14211,8 years,Home Mortgage
13917,3 years,Rent
14464,10+ years,Rent
14509,4 years,Home Mortgage
14245,9 years,Home Mortgage
14167,2 years,Home Mortgage
13562,10+ years,Rent
14499,3 years,Home Mortgage
13715,10+ years,Home Mortgage
13717,4 years,Rent
14213,10+ years,Rent
14495,3 years,Home Mortgage
13736,1 year,Rent
14168,10+ years,Home Mortgage
13682,10+ years,Home Mortgage
13713,2 years,Rent
13541,10+ years,Rent
13565,4 years,Rent
14295,1 year,Rent
13551,< 1 year,Home Mortgage
13694,9 years,Own Home
13652,6 years,Rent
14007,< 1 year,Home Mortgage
14083,10+ years,Home Mortgage
13581,10+ years,Rent
14445,8 years,Rent
14300,10+ years,Home Mortgage
13882,< 1 year,Home Mortgage
13953,< 1 year,Own Home
13811,10+ years,Home Mortgage
13848,8 years,Own Home
14153,3 years,Rent
13766,5 years,Rent
14557,1 year,Own Home
14120,5 years,Home Mortgage
14140,2 years,Rent
13821,< 1 year,Rent
14127,3 years,Rent
13926,5 years,Home Mortgage
13507,< 1 year,Own Home
14006,7 years,Home Mortgage
14342,5 years,Rent
14225,7 years,Home Mortgage
14098,2 years,Own Home
14460,8 years,Home Mortgage
13596,10+ years,Rent
13835,< 1 year,Own Home
13762,10+ years,Rent
13970,1 year,Rent
13681,5 years,Home Mortgage
13733,1 year,Rent
14055,5 years,Home Mortgage
13597,3 years,Home Mortgage
13973,10+ years,Home Mortgage
14375,4 years,Home Mortgage
14442,3 years,Own Home
13509,3 years,Rent
14200,10+ years,Home Mortgage
13609,1 year,Rent
13557,1 year,Rent
13825,10+ years,Own Home
14261,10+ years,Rent
14067,7 years,Rent
13772,8 years,Home Mortgage
14269,10+ years,Rent
13686,10+ years,Home Mortgage
13865,3 years,Rent
14390,2 years,Home Mortgage
14218,5 years,Home Mortgage
14497,3 years,Own Home
13972,5 years,Rent
14196,4 years,Home Mortgage
14189,4 years,Home Mortgage
14400,1 year,Rent
13752,9 years,Own Home
13575,5 years,Home Mortgage
13961,10+ years,Home Mortgage
13925,10+ years,Home Mortgage
14277,1 year,Rent
14249,5 years,Rent
13749,10+ years,Home Mortgage
14041,n/a,Home Mortgage
14139,10+ years,Home Mortgage
13743,4 years,Rent
13523,8 years,Home Mortgage
14293,1 year,Rent
13676,3 years,Rent
13915,3 years,Home Mortgage
14334,10+ years,Home Mortgage
14032,10+ years,Home Mortgage
14248,10+ years,Home Mortgage
14228,4 years,Rent
13847,5 years,Rent
14407,7 years,Home Mortgage
13794,5 years,Rent
13704,8 years,Rent
14330,8 years,Home Mortgage
13806,2 years,Rent
13737,3 years,Home Mortgage
14467,3 years,Rent
14065,< 1 year,Own Home
13951,10+ years,Home Mortgage
13706,10+ years,Own Home
13584,< 1 year,Rent
13963,7 years,Home Mortgage
14494,3 years,Home Mortgage
14463,2 years,Rent
13727,7 years,Home Mortgage
13744,7 years,Home Mortgage
13890,2 years,Rent
14518,10+ years,Rent
14146,3 years,Rent
14235,3 years,Rent
13980,9 years,Rent
13939,8 years,Rent
13552,10+ years,Home Mortgage
14503,7 years,Home Mortgage
14115,10+ years,Home Mortgage
14350,3 years,Own Home
14144,10+ years,Home Mortgage
14253,n/a,Own Home
14097,n/a,Own Home
13999,5 years,Rent
14052,4 years,Rent
13946,10+ years,Home Mortgage
13504,5 years,Own Home
14273,1 year,Rent
14274,10+ years,Home Mortgage
14240,3 years,Home Mortgage
13783,10+ years,Home Mortgage
13942,3 years,Home Mortgage
14209,3 years,Rent
13689,2 years,Home Mortgage
13561,10+ years,Home Mortgage
14100,3 years,Rent
13679,3 years,Rent
14428,2 years,Rent
14207,5 years,Rent
14009,10+ years,Rent
14378,10+ years,Own Home
14292,2 years,Rent
13753,2 years,Rent
14354,3 years,Rent
14014,10+ years,Home Mortgage
14466,10+ years,Own Home
14108,3 years,Rent
13663,2 years,Rent
14452,10+ years,Home Mortgage
14111,6 years,Rent
14220,3 years,Rent
14397,10+ years,Rent
14470,6 years,Home Mortgage
13947,10+ years,Home Mortgage
14058,4 years,Home Mortgage
14119,10+ years,Rent
14141,9 years,Rent
13614,5 years,Rent
13805,3 years,Home Mortgage
14046,9 years,Own Home
13725,3 years,Rent
14529,10+ years,Home Mortgage
14166,10+ years,Rent
14446,10+ years,Own Home
14114,5 years,Rent
14425,8 years,Rent
13688,8 years,Home Mortgage
13593,2 years,Home Mortgage
14294,10+ years,Rent
13563,2 years,Rent
14282,< 1 year,Home Mortgage
14278,2 years,Home Mortgage
13851,9 years,Home Mortgage
14163,2 years,Rent
13554,10+ years,Own Home
13683,10+ years,Home Mortgage
13691,2 years,Rent
13586,5 years,Home Mortgage
13585,10+ years,Home Mortgage
14013,< 1 year,Rent
14051,10+ years,Home Mortgage
13778,10+ years,Home Mortgage
13592,10+ years,Home Mortgage
14159,10+ years,Home Mortgage
13965,3 years,Rent
14214,5 years,Home Mortgage
14132,7 years,Rent
13888,n/a,Home Mortgage
13684,3 years,Home Mortgage
13748,10+ years,Home Mortgage
14174,6 years,Home Mortgage
14216,10+ years,Home Mortgage
13828,2 years,Rent
13654,8 years,Home Mortgage
14304,5 years,Home Mortgage
13533,10+ years,Home Mortgage
14208,7 years,Rent
14125,3 years,Home Mortgage
13741,5 years,Home Mortgage
14104,7 years,Own Home
13535,8 years,Rent
13808,9 years,Rent
14152,10+ years,Home Mortgage
13918,3 years,Own Home
13900,10+ years,Home Mortgage
14439,10+ years,Rent
13560,8 years,Home Mortgage
13577,2 years,Home Mortgage
13866,8 years,Own Home
14000,7 years,Home Mortgage
13591,10+ years,Rent
13883,10+ years,Home Mortgage
13813,10+ years,Rent
14246,3 years,Rent
14170,9 years,Home Mortgage
14197,10+ years,Own Home
13659,4 years,Home Mortgage
14485,10+ years,Home Mortgage
13910,8 years,Rent
14185,10+ years,Rent
14541,10+ years,Home Mortgage
14252,10+ years,Home Mortgage
14158,10+ years,Rent
14440,1 year,Home Mortgage
13985,7 years,Rent
14545,10+ years,Home Mortgage
13895,10+ years,Rent
14184,10+ years,Rent
13837,9 years,Rent
14078,10+ years,Rent
13712,< 1 year,Home Mortgage
14042,5 years,Rent
13803,4 years,Home Mortgage
14074,10+ years,Home Mortgage
14187,n/a,Home Mortgage
13547,10+ years,Home Mortgage
14008,6 years,Home Mortgage
14018,2 years,Home Mortgage
14493,9 years,Home Mortgage
13902,5 years,Home Mortgage
13649,10+ years,Home Mortgage
13790,n/a,Home Mortgage
13643,10+ years,Home Mortgage
14210,7 years,Home Mortgage
13987,10+ years,Home Mortgage
14327,1 year,Rent
14523,< 1 year,Rent
14238,10+ years,Rent
14142,8 years,Home Mortgage
13661,n/a,Home Mortgage
13707,10+ years,Home Mortgage
13857,3 years,Home Mortgage
14395,3 years,Home Mortgage
14337,9 years,Rent
13621,10+ years,Home Mortgage
14288,8 years,Home Mortgage
14338,2 years,Rent
13864,5 years,Home Mortgage
13812,3 years,Home Mortgage
13527,2 years,Rent
13651,2 years,Home Mortgage
14419,1 year,Rent
14480,10+ years,Rent
13506,< 1 year,Rent
13738,3 years,Own Home
13604,5 years,Home Mortgage
14296,10+ years,Home Mortgage
13556,7 years,Rent
14059,1 year,Home Mortgage
14515,2 years,Own Home
13945,1 year,Home Mortgage
14352,10+ years,Rent
13610,10+ years,Home Mortgage
14339,10+ years,Rent
14003,4 years,Home Mortgage
13854,3 years,Own Home
14468,2 years,Home Mortgage
14229,< 1 year,Home Mortgage
14362,10+ years,Home Mortgage
13898,1 year,Home Mortgage
13576,10+ years,Home Mortgage
14034,10+ years,Home Mortgage
13798,< 1 year,Home Mortgage
14471,10+ years,Home Mortgage
14335,< 1 year,Home Mortgage
13767,10+ years,Own Home
13774,10+ years,Home Mortgage
13893,10+ years,Rent
14535,3 years,Home Mortgage
14033,7 years,Home Mortgage
14398,1 year,Home Mortgage
14134,7 years,Home Mortgage
13545,5 years,Home Mortgage
14365,3 years,Rent
13608,10+ years,Home Mortgage
14505,4 years,Home Mortgage
13786,2 years,Home Mortgage
13989,10+ years,Home Mortgage
14035,2 years,Home Mortgage
14223,10+ years,Rent
13858,10+ years,Home Mortgage
13658,5 years,Home Mortgage
13944,10+ years,Home Mortgage
13869,10+ years,Rent
13877,5 years,Own Home
13525,< 1 year,Home Mortgage
13788,10+ years,Home Mortgage
14402,8 years,Rent
13672,10+ years,Rent
13852,7 years,Home Mortgage
14343,< 1 year,Rent
13657,n/a,Home Mortgage
14267,< 1 year,Rent
14416,< 1 year,Rent
13757,1 year,Rent
14272,9 years,Rent
14336,10+ years,Rent
14542,5 years,Home Mortgage
14222,2 years,Home Mortgage
13844,10+ years,Rent
13867,3 years,Rent
14049,2 years,Rent
13607,3 years,Rent
14162,10+ years,Rent
13633,10+ years,Home Mortgage
14124,10+ years,Home Mortgage
14186,2 years,Home Mortgage
13966,10+ years,Own Home
14069,2 years,Home Mortgage
14237,3 years,Own Home
13534,3 years,Own Home
13555,1 year,Home Mortgage
13775,2 years,Rent
13714,1 year,Home Mortgage
13675,10+ years,Home Mortgage
13817,2 years,Home Mortgage
13791,10+ years,Own Home
14021,7 years,Rent
14510,2 years,Home Mortgage
13630,10+ years,Home Mortgage
14516,5 years,Home Mortgage
13935,8 years,Own Home
13792,8 years,Home Mortgage
13923,1 year,Rent
14121,1 year,Own Home
13544,10+ years,Home Mortgage
13770,10+ years,Rent
13881,10+ years,Home Mortgage
13755,7 years,Home Mortgage
14508,10+ years,Home Mortgage
13912,9 years,Home Mortgage
13876,10+ years,Home Mortgage
13530,< 1 year,Rent
13960,8 years,Rent
13971,2 years,Rent
14483,5 years,Home Mortgage
14426,6 years,Rent
14544,n/a,Rent
13695,3 years,Rent
14380,10+ years,Home Mortgage
13874,4 years,Own Home
13796,6 years,Home Mortgage
14202,10+ years,Rent
14404,7 years,Own Home
13627,2 years,Rent
13670,2 years,Rent
14161,10+ years,Rent
13977,2 years,Rent
13761,5 years,Rent
14370,10+ years,Home Mortgage
14313,3 years,Home Mortgage
14409,5 years,Home Mortgage
13758,10+ years,Home Mortgage
13662,10+ years,Home Mortgage
13906,10+ years,Home Mortgage
13549,8 years,Home Mortgage
13624,10+ years,Home Mortgage
13647,n/a,Home Mortgage
14094,10+ years,Home Mortgage
14181,8 years,Own Home
13996,< 1 year,Home Mortgage
14264,n/a,Home Mortgage
14001,3 years,Home Mortgage
13529,9 years,Home Mortgage
13520,3 years,Home Mortgage
13569,10+ years,Home Mortgage
13588,2 years,Own Home
13537,5 years,Home Mortgage
13590,8 years,Rent
14382,10+ years,Rent
13958,10+ years,Home Mortgage
13920,10+ years,Rent
14275,2 years,Home Mortgage
14242,2 years,Rent
13769,4 years,Rent
14285,10+ years,Home Mortgage
13625,8 years,Rent
14105,5 years,Home Mortgage
14193,3 years,Rent
14113,10+ years,Home Mortgage
14512,< 1 year,Home Mortgage
13863,10+ years,Rent
13962,10+ years,Rent
14490,3 years,Rent
14379,2 years,Rent
13526,2 years,Rent
14138,7 years,Home Mortgage
13599,4 years,Home Mortgage
14387,10+ years,Home Mortgage
14438,10+ years,Own Home
14116,1 year,Home Mortgage
13522,7 years,Rent
14157,10+ years,Home Mortgage
14026,10+ years,Rent
14396,8 years,Own Home
13780,< 1 year,Rent
14530,2 years,Home Mortgage
14263,10+ years,Home Mortgage
13508,10+ years,Home Mortgage
14301,5 years,Rent
14084,8 years,Home Mortgage
14022,10+ years,Own Home
13709,7 years,Home Mortgage
14455,< 1 year,Home Mortgage
14449,6 years,Home Mortgage
14423,10+ years,Rent
13745,10+ years,Home Mortgage
13914,1 year,Rent
14432,2 years,Rent
14173,< 1 year,Own Home
14268,10+ years,Home Mortgage
14215,10+ years,Home Mortgage
13645,< 1 year,Home Mortgage
14537,1 year,Rent
14392,10+ years,Rent
13930,3 years,Rent
13907,10+ years,Home Mortgage
14517,10+ years,Home Mortgage
14376,7 years,Home Mortgage
14257,1 year,Rent
14201,7 years,Rent
13528,1 year,Rent
14234,< 1 year,Home Mortgage
13605,1 year,Home Mortgage
13517,10+ years,Home Mortgage
14102,10+ years,Home Mortgage
13721,10+ years,Rent
14063,10+ years,Home Mortgage
13571,10+ years,Rent
14437,2 years,Own Home
13669,2 years,Home Mortgage
14366,4 years,Rent
13921,10+ years,Home Mortgage
14227,4 years,Home Mortgage
14341,6 years,Rent
13816,n/a,Rent
14160,5 years,Home Mortgage
14450,n/a,Home Mortgage
14321,3 years,Home Mortgage
14538,5 years,Rent
13636,6 years,Rent
14427,< 1 year,Home Mortgage
13677,2 years,Rent
14071,7 years,Home Mortgage
14369,< 1 year,Home Mortgage
14385,2 years,Home Mortgage
13692,9 years,Home Mortgage
14291,1 year,Rent
13674,< 1 year,Rent
13768,9 years,Home Mortgage
14299,3 years,Home Mortgage
13735,4 years,Home Mortgage
14546,10+ years,Rent
14511,2 years,Rent
13665,10+ years,Home Mortgage
14091,< 1 year,Rent
14027,2 years,Rent
13742,10+ years,Home Mortgage
13719,1 year,Home Mortgage
13826,10+ years,Rent
14251,< 1 year,Home Mortgage
13734,10+ years,Home Mortgage
14319,10+ years,Home Mortgage
14433,4 years,Rent
14333,10+ years,Own Home
14031,3 years,Home Mortgage
14389,4 years,Home Mortgage
13932,< 1 year,Rent
13678,3 years,Own Home
13814,6 years,Home Mortgage
14522,9 years,Rent
14298,7 years,Home Mortgage
14547,4 years,Rent
14393,n/a,Home Mortgage
13756,10+ years,Home Mortgage
13618,n/a,Home Mortgage
13849,9 years,Rent
13934,8 years,Rent
14230,10+ years,Home Mortgage
13671,3 years,Home Mortgage
14487,< 1 year,Rent
14496,5 years,Home Mortgage
13789,3 years,Rent
14061,10+ years,Own Home
14501,5 years,Home Mortgage
13642,7 years,Home Mortgage
13680,2 years,Rent
14250,2 years,Rent
14506,n/a,Home Mortgage
13532,7 years,Rent
14444,8 years,Home Mortgage
14254,n/a,Home Mortgage
14476,8 years,Home Mortgage
14017,10+ years,Own Home
13710,10+ years,Rent
13702,2 years,Home Mortgage
14311,8 years,Home Mortgage
13637,8 years,Rent
14154,4 years,Rent
14130,< 1 year,Rent
13897,2 years,Home Mortgage
13601,1 year,Home Mortgage
13723,4 years,Rent
14498,1 year,Rent
13776,8 years,Rent
14351,9 years,Home Mortgage
14143,10+ years,Home Mortgage
14077,6 years,Rent
13690,n/a,Home Mortgage
14345,6 years,Home Mortgage
13818,2 years,Home Mortgage
14482,2 years,Home Mortgage
13994,6 years,Rent
14081,10+ years,Own Home
14178,6 years,Own Home
14418,n/a,Rent
13905,n/a,Rent
14486,3 years,Rent
14107,10+ years,Rent
13793,10+ years,Own Home
13894,n/a,Own Home
13957,6 years,Rent
14367,2 years,Home Mortgage
13919,7 years,Home Mortgage
14358,n/a,Home Mortgage
13505,10+ years,Rent
13538,2 years,Home Mortgage
13698,6 years,Rent
14371,10+ years,Home Mortgage
13716,1 year,Rent
13536,10+ years,Home Mortgage
14514,5 years,Rent
14314,n/a,Rent
14553,< 1 year,Own Home
13500,10+ years,Rent
13572,5 years,Home Mortgage
14133,1 year,Rent
13558,1 year,Rent
13518,10+ years,Home Mortgage
14002,10+ years,Home Mortgage
14195,2 years,Rent
13553,9 years,Rent
14155,10+ years,Home Mortgage
13941,2 years,Rent
13833,1 year,Home Mortgage
14256,2 years,Rent
13613,4 years,Rent
13617,5 years,Rent
14388,10+ years,Home Mortgage
14015,9 years,Home Mortgage
13666,10+ years,Rent
13868,2 years,Rent
14430,10+ years,Home Mortgage
13879,6 years,Rent
13578,10+ years,Home Mortgage
13832,10+ years,Rent
13539,10+ years,Home Mortgage
13968,10+ years,Home Mortgage
14075,1 year,Rent
14364,10+ years,Home Mortgage
13873,2 years,Home Mortgage
14183,10+ years,Rent
14469,2 years,Rent
14135,10+ years,Rent
14096,10+ years,Own Home
13600,9 years,Rent
13815,5 years,Home Mortgage
13524,9 years,Rent
14219,10+ years,Home Mortgage
14231,10+ years,Home Mortgage
14303,n/a,Home Mortgage
13795,10+ years,Home Mortgage
13974,3 years,Home Mortgage
13838,10+ years,Own Home
13730,9 years,Home Mortgage
13785,6 years,Rent
13880,2 years,Rent
14117,8 years,Rent
13979,8 years,Rent
13845,9 years,Home Mortgage
14353,10+ years,Rent
13850,10+ years,Own Home
14532,10+ years,Home Mortgage
14526,n/a,Home Mortgage
13763,3 years,Home Mortgage
13841,1 year,Rent
14054,4 years,Home Mortgage
14056,10+ years,Rent
13875,10+ years,Home Mortgage
13708,7 years,Rent
14318,10+ years,Home Mortgage
14549,1 year,Home Mortgage
13797,3 years,Rent
13892,6 years,Rent
14255,3 years,Rent
14484,4 years,Home Mortgage
14290,9 years,Home Mortgage
14322,2 years,Rent
14429,10+ years,Home Mortgage
14226,6 years,Home Mortgage
14266,8 years,Home Mortgage
14203,2 years,Rent
14047,6 years,Home Mortgage
14363,10+ years,Home Mortgage
14528,< 1 year,Home Mortgage
13827,< 1 year,Rent
14525,1 year,Rent
14434,10+ years,Home Mortgage
13573,2 years,Rent
13978,1 year,Rent
13640,8 years,Rent
14332,4 years,Home Mortgage
14491,2 years,Rent
14559,3 years,Rent
14521,2 years,Rent
13936,2 years,Rent
13846,n/a,Own Home
13771,10+ years,Home Mortgage
14413,3 years,Rent
14325,10+ years,Home Mortgage
13823,10+ years,Home Mortgage
14531,8 years,Home Mortgage
13807,n/a,Home Mortgage
14519,4 years,Own Home
13606,7 years,Home Mortgage
14137,10+ years,Home Mortgage
14492,< 1 year,Home Mortgage
13901,5 years,Home Mortgage
14461,10+ years,Rent
14072,6 years,Rent
14477,9 years,Home Mortgage
14191,3 years,Home Mortgage
14306,10+ years,Rent
14527,5 years,Rent
14465,8 years,Rent
14188,n/a,Home Mortgage
14112,10+ years,Home Mortgage
14060,10+ years,Rent
13839,3 years,Rent
14080,7 years,Rent
14373,2 years,Home Mortgage
13705,< 1 year,Rent
13594,2 years,Rent
14431,10+ years,Rent
13916,1 year,Home Mortgage
14315,10+ years,Home Mortgage
13724,< 1 year,Rent
13543,2 years,Rent
13809,1 year,Rent
14082,10+ years,Rent
14212,3 years,Rent
13954,3 years,Rent
13685,10+ years,Home Mortgage
14457,2 years,Home Mortgage
14323,10+ years,Home Mortgage
14279,6 years,Rent
14070,3 years,Rent
14066,10+ years,Home Mortgage
14016,10+ years,Own Home
13896,10+ years,Rent
13949,8 years,Own Home
14233,4 years,Rent
14136,3 years,Rent
13871,n/a,Rent
14448,5 years,Rent
13931,1 year,Home Mortgage
14010,10+ years,Home Mortgage
13732,10+ years,Home Mortgage
13731,8 years,Rent
13940,6 years,Home Mortgage
13950,10+ years,Home Mortgage
13781,3 years,Home Mortgage
14462,3 years,Rent
13777,1 year,Rent
13802,< 1 year,Home Mortgage
14441,< 1 year,Home Mortgage
13615,1 year,Rent
13726,< 1 year,Rent
14131,10+ years,Rent
13884,10+ years,Rent
13511,10+ years,Home Mortgage
13751,n/a,Own Home
14554,10+ years,Home Mortgage
14551,10+ years,Home Mortgage
14555,8 years,Rent
14344,2 years,Home Mortgage
14271,10+ years,Home Mortgage
13955,1 year,Rent
14123,n/a,Home Mortgage
14276,10+ years,Home Mortgage
14489,4 years,Rent
13911,1 year,Own Home
13626,1 year,Own Home
14459,2 years,Rent
14422,10+ years,Home Mortgage
13629,10+ years,Home Mortgage
14502,5 years,Home Mortgage
13720,10+ years,Home Mortgage
13889,10+ years,Home Mortgage
14103,10+ years,Home Mortgage
13656,7 years,Rent
14164,10+ years,Own Home
13952,2 years,Rent
14204,< 1 year,Rent
14451,< 1 year,Home Mortgage
14109,3 years,Rent
14355,10+ years,Rent
14150,10+ years,Rent
14454,10+ years,Home Mortgage
14401,4 years,Home Mortgage
13564,10+ years,Home Mortgage
13990,10+ years,Home Mortgage
14122,4 years,Home Mortgage
14057,10+ years,Rent
14247,10+ years,Rent
13982,8 years,Home Mortgage
13842,5 years,Rent
14286,10+ years,Home Mortgage
13587,< 1 year,Home Mortgage
13984,9 years,Rent
14386,10+ years,Home Mortgage
14149,5 years,Rent
14073,n/a,Home Mortgage
14029,< 1 year,Home Mortgage
14175,10+ years,Home Mortgage
14539,4 years,Home Mortgage
14391,3 years,Rent
14316,3 years,Rent
13787,7 years,Rent
13542,3 years,Home Mortgage
13995,10+ years,Rent
14456,10+ years,Home Mortgage
14192,3 years,Home Mortgage
13988,2 years,Rent
14372,10+ years,Home Mortgage
14349,10+ years,Home Mortgage
14284,10+ years,Home Mortgage
14513,6 years,Home Mortgage
13616,3 years,Rent
14145,6 years,Rent
13782,10+ years,Home Mortgage
14048,4 years,Rent
14408,10+ years,Home Mortgage
14086,10+ years,Home Mortgage
14199,< 1 year,Rent
14232,2 years,Rent
14374,9 years,Home Mortgage
13998,10+ years,Home Mortgage
14520,10+ years,Rent
14172,10+ years,Own Home
13859,10+ years,Home Mortgage
13648,< 1 year,Home Mortgage
13862,5 years,Rent
13928,2 years,Rent
14357,< 1 year,Home Mortgage
14421,10+ years,Home Mortgage
13948,7 years,Home Mortgage
13595,8 years,Home Mortgage
14340,10+ years,Home Mortgage
13981,8 years,Home Mortgage
14361,5 years,Home Mortgage
14043,10+ years,Home Mortgage
14262,n/a,Rent
14394,1 year,Rent
13693,10+ years,Own Home
13959,2 years,Home Mortgage
13632,10+ years,Own Home
13943,9 years,Home Mortgage
13628,2 years,Home Mortgage
13938,10+ years,Rent
14356,2 years,Rent
13937,10+ years,Rent
13750,3 years,Rent
13602,10+ years,Own Home
14475,10+ years,Rent
13521,7 years,Home Mortgage
14118,< 1 year,Rent
